Gender,Married,Dependents,Education,Self_Employed,ApplicantIncome,CoapplicantIncome,LoanAmount,Loan_Amount_Term,Credit_History,Property_Area,Loan_Status
Male,Yes,0,Graduate,No,5829,0,138,360,1,Rural,Y
Female,No,0,Not Graduate,No,2720,0,80,,0,Urban,N
Male,Yes,0,Graduate,No,1820,1719,100,360,1,Urban,Y
Male,Yes,1,Graduate,No,7250,1667,110,,0,Urban,N
Male,Yes,0,Graduate,No,14880,0,96,360,1,Semiurban,Y
Male,Yes,0,Graduate,No,2666,4300,121,360,1,Rural,Y
Female,No,1,Not Graduate,No,4606,0,81,360,1,Rural,N
Male,Yes,2,Graduate,No,5935,0,133,360,1,Semiurban,Y
Male,Yes,0,Graduate,No,2920,16.12000084,87,360,1,Rural,Y
Male,No,0,Not Graduate,No,2717,0,60,180,1,Urban,Y
Female,No,1,Graduate,Yes,8624,0,150,360,1,Semiurban,Y
Male,No,0,Graduate,No,6500,0,105,360,0,Rural,N
Male,No,0,Graduate,,12876,0,405,360,1,Semiurban,Y
Male,Yes,0,Graduate,No,2425,2340,143,360,1,Semiurban,Y
Male,No,0,Graduate,No,3750,0,100,360,1,Urban,Y
Female,,,Graduate,No,10047,0,,240,1,Semiurban,Y
Male,No,0,Graduate,No,1926,1851,50,360,1,Semiurban,Y
Male,Yes,0,Graduate,No,2213,1125,,360,1,Urban,Y
Male,No,0,Graduate,Yes,10416,0,187,360,0,Urban,N
Female,Yes,0,Not Graduate,Yes,7142,0,138,360,1,Rural,Y
Male,No,0,Graduate,No,3660,5064,187,360,1,Semiurban,Y
Male,Yes,0,Graduate,No,7901,1833,180,360,1,Rural,Y
Male,No,3+,Not Graduate,No,4707,1993,148,360,1,Semiurban,Y
Male,No,1,Graduate,No,37719,0,152,360,1,Semiurban,Y
Male,Yes,0,Graduate,No,7333,8333,175,300,,Rural,Y
Male,Yes,1,Graduate,Yes,3466,1210,130,360,1,Rural,Y
Male,Yes,2,Not Graduate,No,4652,0,110,360,1,Rural,Y
Male,Yes,0,Graduate,,3539,1376,55,360,1,Rural,N
Male,Yes,2,Graduate,No,3340,1710,150,360,0,Rural,N
Male,No,1,Not Graduate,Yes,2769,1542,190,360,,Semiurban,N