HIGGS.csv.gz,",",0,0,11000000,28,1
exclude,,,,,,
exclude,,,,,,
exclude,,,,,,
exclude,,,,,,
exclude,,,,,,
exclude,,,,,,
exclude,,,,,,
exclude,,,,,,
exclude,,,,,,
exclude,,,,,,
exclude,,,,,,
exclude,,,,,,
exclude,,,,,,
exclude,,,,,,
exclude,,,,,,
exclude,,,,,,
exclude,,,,,,
exclude,,,,,,
exclude,,,,,,
exclude,,,,,,
exclude,,,,,,
numerical,0,41,,,,
numerical,0,21,,,,
numerical,0,8,,,,
numerical,0,15,,,,
numerical,0,18,,,,
numerical,0,12,,,,
numerical,0,9,,,,
numerical,0,1,,,,
